code,name,theme,brief,yahooSymbol
1301,"Kyokuyo Co., Ltd.",水産業,魚介類/加工,1301.T
1332,Nissui Corporation,水産業,水産物/加工,1332.T
1333,Maruha Nichiro Corporation,食品,水産物/加工,1333.T
1375,"Yukiguni Maitake Co., Ltd.",itサービス,ソフト/クラウド,1375.T
1376,"Kaneko Seeds Co., Ltd.",農業,種子/農業関連,1376.T
1377,Sakata Seed Corporation,種子,農業/種子供給,1377.T
1379,Hokuto Corporation,農業,農業機械/肥料,1379.T
1380,Akikawa Foods & Farms Co. Ltd.,食品,加工/飲料,1380.T
1381,Axyz Co. Ltd.,-,-,1381.T
1382,Hob Company Ltd.,-,-,1382.T
1383,Berg Earth Co. Ltd.,環境技術,土壌改良/再生可能エネルギー,1383.T
1384,"Hokuryo Co., Ltd.",農業,農業/肥料,1384.T
1401,MBS Inc.,建設,土木/建設業,1401.T
1407,West Holdings Corporation,建設,建設/不動産,1407.T
1414,"Sho-Bond Holdings Co., Ltd.",建設,土木/建設工事,1414.T
1417,Mirait One Corporation,itサービス,ソフト/クラウド,1417.T
1418,"Interlife Holdings Co., Ltd.",保険,損保/生保,1418.T
1419,"Tama Home Co., Ltd.",住宅,住宅/建設,1419.T
1420,Sanyo Homes Corporation,不動産,不動産/開発,1420.T
1429,"Nippon Aqua Co., Ltd.",水産業,水産物/養殖,1429.T
1430,First Corp Inc.,建設,不動産/開発,1430.T
1431,"Lib Work Co., Ltd.",不動産,賃貸/管理,1431.T
1433,Besterra Co. Ltd.,建設,土木/建設業,1433.T
1434,Jesco Holdings Inc.,建設,建設/土木事業,1434.T
1435,Robot Home Inc.,機械/産業,FA/自動化,1435.T
1436,GreenEnergy & Company Inc.,エネルギー,原油/ガス/電力,1436.T
1438,"Gifu Landscape Architect Co., Ltd.",itサービス,ソフト/クラウド,1438.T
1443,"Giken Holdings Co., Ltd.",建設,土木/施工,1443.T
1444,Nissou Co. Ltd.,建設,土木/建設業,1444.T
1445,"Hikari Holdings Co., Ltd.",不動産,不動産/開発,1445.T
1446,Candeal Co. Ltd.,不動産,不動産開発/管理,1446.T
1447,Saaf Holdings Co. Ltd.,-,-,1447.T
1449,"Fuji Japan Co., Ltd.",建設,土木/建設業,1449.T
1450,"Tanaken Co., Ltd.",航空,運輸/エアライン,1450.T
1491,"Chugai Mining Co., Ltd.",鉱業,資源/鉱山,1491.T
1514,Sumiseki Holdings Inc.,商社,資源/エネルギー,1514.T
1515,"Nittetsu Mining Co., Ltd.",itサービス,ソフト/クラウド,1515.T
1518,"Mitsui Matsushima Holdings Co., Ltd.",itサービス,ソフト/クラウド,1518.T
1605,Inpex Corporation,エネルギー,原油/ガス/電力,1605.T
1662,"Japan Petroleum Exploration Co., Ltd.",エネルギー,原油/ガス/電力,1662.T
1663,K&O Energy Group Inc.,エネルギー,原油/ガス/電力,1663.T
1711,"SDS Holdings Co., Ltd.",建設,土木/建設業,1711.T
1712,"Daiseki Eco. Solution Co., Ltd.",環境ソリューション,廃棄物処理/リサイクル,1712.T
1716,"Dai-Ichi Cutter Kogyo Co., Ltd.",切削工具,製造/工具,1716.T
1717,Meiho Facility Works Ltd.,itサービス,ソフト/クラウド,1717.T
1718,"Mikikogyo Co., Ltd.",建設,土木/建設業,1718.T
1719,Hazama Ando Corporation,建設,土木/建築,1719.T
1720,"Tokyu Construction Co., Ltd.",建設,ゼネコン/施工,1720.T
1721,Comsys Holdings Corporation,通信,通信インフラ/工事,1721.T
1723,"Nihon Dengi Co., Ltd.",電子機器,電子部品/製造,1723.T
1724,Synclayer Inc.,ITサービス,クラウド/データ解析,1724.T
1726,BR Holdings Corp,再生可能エネルギー,発電/エネルギー管理,1726.T
1736,Otec Corp,環境技術,水処理/再生可能エネルギー,1736.T
1743,Koatsu Kogyo Co. Ltd.,建設,土木/建設業,1743.T
1757,"Souken Ace Co., Ltd.",建設,土木/建設業,1757.T
1758,"Taiyo Kisokogyo Co., Ltd.",建設,土木/建設業,1758.T
1762,"Takamatsu Construction Group Co., Ltd.",建設,ゼネコン/施工,1762.T
1764,Kudo Corp,建設,土木/建設業,1764.T
1766,Token Corporation,ブロックチェーン,暗号資産/トークン,1766.T
1768,Sonec Corporation,電機,エレクトロニクス,1768.T
1770,"Fujita Engineering Co., Ltd.",itサービス,ソフト/クラウド,1770.T
1771,NIPPON KANRYU INDUSTRY CO,建設,土木/建設業,1771.T
1773,YTL Corporation Berhad,ネットサービス,プラットフォーム/広告,1773.T
1776,"Sumiken Mitsui Road Co., Ltd.",itサービス,ソフト/クラウド,1776.T
1780,Yamaura Corporation,建設,土木/建設業,1780.T
1783,"Fantasista Co., Ltd.",ITサービス,デジタルコンテンツ/エンターテインメント,1783.T
1786,Oriental Shiraishi Corporation,建設,土木/建設業,1786.T
1787,Nakabohtec Corrosion Protect Co. Ltd.,防食技術,腐食防止/コーティング,1787.T
1788,Santo Corp,建設,土木工事/建設業,1788.T
1789,"ETS Holdings Co.,Ltd.",不動産,不動産開発/管理,1789.T
1793,"Ohmoto Gumi Co., Ltd.",建設,土木/建設業,1793.T
1795,Masaru Corporation,建設,土木/建設業,1795.T
1798,Moriya Corporation,建設,土木/建設業,1798.T
1799,Daiichi Kensetsu Corporation,建設,土木/建設業,1799.T
1801,Taisei Corporation,建設,ゼネコン/建設,1801.T
1802,Obayashi Corporation,建設,ゼネコン/建設,1802.T
1803,Shimizu Corporation,建設,ゼネコン/建設,1803.T
1805,Tobishima Corporation,建設,土木/建設業,1805.T
1807,"Watanabe Sato Co., Ltd.",航空,運輸/エアライン,1807.T
1808,Haseko Corporation,建設,総合建設業,1808.T
1810,"Matsui Construction Co., Ltd.",建設,ゼネコン/施工,1810.T
1811,Zenitaka Corporation,itサービス,ソフト/クラウド,1811.T
1812,Kajima Corporation,建設,ゼネコン/建設,1812.T
1813,Fudo Tetra Corp.,建設,土木/建設資材,1813.T
1814,"Daisue Construction Co., Ltd.",建設,ゼネコン/施工,1814.T
1815,Tekken Corporation,建設,土木/建設業,1815.T
1820,"Nishimatsu Construction Co., Ltd.",建設,ゼネコン/施工,1820.T
1821,"Sumitomo Mitsui Construction Co., Ltd.",金融,銀行/メガバンク,1821.T
1822,Daiho Corporation,建設,土木/建設業,1822.T
1826,Sata Construction Co. Ltd.,建設,ゼネコン/施工,1826.T
1827,Nakano Corporation,建設,土木/建設業,1827.T
1828,Tanabe Engineering Corporation,航空,運輸/エアライン,1828.T
1832,"Hokkaido Electric Power Co., Inc.",電機,エレクトロニクス,1832.T
1833,Okumura Corporation,建設,建設/土木工事,1833.T
1835,"Totetsu Kogyo Co., Ltd.",建設,土木/建設業,1835.T
1840,"Tsuchiya Holdings Co., Ltd.",建設,建設/不動産,1840.T
1841,"Sanyu Construction Co., Ltd.",建設,ゼネコン/施工,1841.T
1844,"Ohmori Co., Ltd.",建設,土木/建設業,1844.T
1847,"Ichiken Co., Ltd.",建設,建設業/土木工事,1847.T
1848,Fuji PS Corporation,建設,建設/土木工事,1848.T
1850,"Nankai Tatsumura Construction Co., Ltd.",建設,ゼネコン/施工,1850.T
1852,Asanuma Corporation,建設,土木/建設業,1852.T
1853,"Mori-Gumi Co., Ltd.",建設,土木/建設業,1853.T
1860,Toda Corporation,建設,ゼネコン/建設,1860.T
1861,"Kumagai Gumi Co., Ltd.",建設,土木/建設業,1861.T
1866,Kitano Construction Corp.,itサービス,ソフト/クラウド,1866.T
1867,Ueki Corporation,建設,土木/建設業,1867.T
1870,"Yahagi Construction Co., Ltd.",建設,ゼネコン/施工,1870.T
1871,PS Construction Co. Ltd.,建設,ゼネコン/施工,1871.T
1873,"Nihon House Holdings Co., Ltd.",不動産,住宅/開発,1873.T
1878,Daito Trust Construction Co. Ltd.,itサービス,ソフト/クラウド,1878.T
1879,Shinnin Corporation,建設,土木/建設業,1879.T
1882,Toa Road Corporation,ネットサービス,プラットフォーム/広告,1882.T
1884,"Nippon Road Co., Ltd.",ネットサービス,プラットフォーム/広告,1884.T
1885,Toa Corp.,建設,土木/建設業,1885.T
1887,Jardine Strategic Holdings Limited,itサービス,ソフト/クラウド,1887.T
1888,"Wakachiku Construction Co., Ltd.",建設,ゼネコン/施工,1888.T
1890,Toyo Construction Co. Ltd.,建設,ゼネコン/施工,1890.T
1893,"Penta-Ocean Construction Co., Ltd.",建設,ゼネコン/施工,1893.T
1897,Kaneshita Construction Co. Ltd.,itサービス,ソフト/クラウド,1897.T
1898,"Seikitokyu Kogyo Co., Ltd.",itサービス,ソフト/クラウド,1898.T
1899,Fukuda Corporation,建設,土木/建設業,1899.T
1904,"Taisei Oncho Co., Ltd.",建設,ゼネコン/建設,1904.T
1905,Tenox Corp,建設,建設/土木工事,1905.T
1909,"Nippon Dry-Chemical Co., Ltd.",化学,素材/化学,1909.T
1911,"Sumitomo Forestry Co., Ltd.",itサービス,ソフト/クラウド,1911.T
1914,"Japan Foundation Engineering Co., Ltd.",建設,建設/エンジニアリング,1914.T
1921,Tomoe Corporation,建設,土木/建設業,1921.T
1925,"Daiwa House Industry Co., Ltd.",建設,ゼネコン/住宅,1925.T
1926,"Raito Kogyo Co., Ltd.",itサービス,ソフト/クラウド,1926.T
1928,Sekisui House Ltd.,建設,ゼネコン/住宅,1928.T
1929,"Nittoc Construction Co., Ltd.",itサービス,ソフト/クラウド,1929.T
1930,Hokuriku Electrical Construction Co. Ltd.,電機,エレクトロニクス,1930.T
1934,Yurtec Corporation,建設,土木/建設業,1934.T
1938,"Nippon Rietec Co., Ltd.",建設,リート関連事業,1938.T
1939,Yondenko Corporation,電力,電力供給/エネルギー,1939.T
1941,Chudenko Corporation,建設,電力関連工事,1941.T
1942,"Kandenko Co., Ltd.",電気工事,電気設備/工事,1942.T
1944,Kinden Corporation,電気工事,電気設備/工事,1944.T
1945,Tokyo Energy & Systems Inc.,エネルギー,原油/ガス/電力,1945.T
1946,Toenec Corporation,電機,エレクトロニクス,1946.T
1948,"Kodensha Co., Ltd.",建設,建設/土木工事,1948.T
1949,"Sumitomo Densetsu Co., Ltd.",itサービス,ソフト/クラウド,1949.T
1950,"Nippon Densetsu Kogyo Co., Ltd.",建設,電気工事/設備,1950.T
1951,Exeo Group Inc.,ITサービス,システム開発/運用,1951.T
1952,"Shin Nippon Air Technologies Co., Ltd.",空調設備,空調/冷暖房システム,1952.T
1959,Kyudenko Corporation,電力,電力/エネルギー,1959.T
1960,Sanyo Engineering & Construction Inc.,建設,ゼネコン/施工,1960.T
1961,"Sanki Engineering Co., Ltd.",機械/産業,機械/FA/空調,1961.T
1963,JGC Holdings Corporation,エンジニアリング,プラント/建設,1963.T
1964,"Chugai Ro Co., Ltd.",製薬,医薬品/研究開発,1964.T
1965,Techno Ryowa Ltd.,建設,土木/建設業,1965.T
1966,Takada Corporation,ネットサービス,プラットフォーム/広告,1966.T
1967,Yamato Corporation,物流,宅配/運送サービス,1967.T
1968,Taihei Dengyo Kaisha Ltd.,建設,土木/建設業,1968.T
1969,"Takasago Thermal Engineering Co., Ltd.",建設,建設/エンジニアリング,1969.T
1972,"Sanko Metal Industrial Co., Ltd.",機械/産業,産業機械/装置,1972.T
1975,"Asahi Kogyosha Co., Ltd.",建設,建設/土木工事,1975.T
1976,"Meisei Industrial Co., Ltd.",機械/産業,産業機械/装置,1976.T
1979,Taikisha Ltd.,空調設備,空調/換気システム,1979.T
1980,"Dai-Dan Co., Ltd.",建設,土木/建設業,1980.T
1981,"Kyowa Nissei Co., Ltd.",建設,土木/建設業,1981.T
1982,Hibiya Engineering Ltd.,建設,建設/エンジニアリング,1982.T
1992,"Kanda Tsushinki Co., Ltd.",通信,通信機器/サービス,1992.T
1994,Takahashi Curtain Wall Corp,建材,カーテンウォール/建築,1994.T
1997,"Akatsuki Eazima Co., Ltd.",ITサービス,ソフトウェア開発/ITコンサルティング,1997.T
1999,SAITA HOLDINGS,itサービス,ソフト/クラウド,1999.T
2000,2000,食品,加工食品/製造,2000.T
2001,Nippn Corporation,食品,製粉/製品,2001.T
2002,Nisshin Seifun Group Inc.,食品,小麦粉/製粉,2002.T
2003,"Nitto Fuji Flour Milling Co., Ltd.",itサービス,ソフト/クラウド,2003.T
2004,"Showa Sangyo Co., Ltd.",食品,卸売/食品,2004.T
2009,"Torigoe Co., Ltd.",食品,製造/販売,2009.T
2053,"Chubu Shiryo Co., Ltd.",食品,製造/販売,2053.T
2055,Nichiwa Sangyo Co. Ltd.,食品,加工食品/製造,2055.T
2058,HIGASHIMARU CO LTD,エネルギー,原油/ガス/電力,2058.T
2060,"Feed One Co., Ltd.",飼料,飼料/製造,2060.T
2093,Listed Tracers U.S. Government Bonds 0-2 Year Fund,債券,米国政府短期債券,2093.T
2108,"Nippon Beet Sugar Manufacturing Co., Ltd.",食品,砂糖製造,2108.T
2109,"Mitsui DM Sugar Holdings Co., Ltd.",itサービス,ソフト/クラウド,2109.T
2112,"Ensuiko Sugar Refining Co., Ltd.",糖業,砂糖製造/精製,2112.T
2114,Fuji Nihon Corporation,食品,製造/販売,2114.T
2117,Wellneo Sugar Co. Ltd.,食品,砂糖/甘味料,2117.T
2120,"Lifull Co., Ltd.",不動産,情報サービス/マッチング,2120.T
2121,Mixi Inc.,ネットサービス,プラットフォーム/広告,2121.T
2122,"Interspace Co., Ltd.",デジタルマーケティング,広告/プロモーション,2122.T
2124,"Jac Recruitment Co., Ltd.",itサービス,ソフト/クラウド,2124.T
2127,Nihon M&A Center Holdings Inc.,M&A,企業買収/合併,2127.T
2130,Members Co. Ltd.,人材派遣,人材/サービス,2130.T
2134,"Kitahama Capital Partners Co., Ltd.",itサービス,ソフト/クラウド,2134.T
2136,Hip Corp.,人材派遣,人材/サービス,2136.T
2137,"Hikari Heights-Varus Co., Ltd.",不動産,開発/管理,2137.T
2138,Crooz Inc.,ITサービス,EC/プラットフォーム,2138.T
2139,ChuCo Co. Ltd.,-,-,2139.T
2146,"UT Group Co., Ltd.",人材派遣,人材/アウトソーシング,2146.T
2148,Itmedia Inc.,itサービス,ソフト/クラウド,2148.T
2150,Carenet Inc.,医療,オンライン医療サービス,2150.T
2152,Youji Corp.,人材派遣,人材/サービス,2152.T
2153,Ej Holdings Inc.,ヘルスケア,医療/サービス,2153.T
2154,Open Up Group Inc.,教育,オンライン教育/プラットフォーム,2154.T
2156,Saylor Advertising Inc.,ネットサービス,プラットフォーム/広告,2156.T
2157,"Koshidaka Holdings Co., Ltd.",飲食,居酒屋/外食,2157.T
2158,Fronteo Inc.,AI,データ解析/人工知能,2158.T
2160,GNI Group Ltd.,バイオテクノロジー,医薬品/研究開発,2160.T
2162,NMS Holdings Co. Ltd.,医療,医療/サービス,2162.T
2163,"Artner Co., Ltd.",ITサービス,ソフトウェア開発/システム構築,2163.T
2164,"Chiikishinbunsha Co., Ltd.",メディア,新聞/出版,2164.T
2168,Pasona Group Inc.,人材派遣,人材/サービス,2168.T
2169,"Cds Co., Ltd.",人材派遣,人材/サービス,2169.T
2170,Link and Motivation Inc.,人材育成,教育/コンサルティング,2170.T
2172,Insight Inc.,ITサービス,データ分析/コンサルティング,2172.T
2173,Hakuten Corporation,教育,オンライン教育/サービス,2173.T
2175,SMS Co. Ltd.,ITサービス,メッセージング/コミュニケーション,2175.T
2179,"Seigakusya Co., Ltd.",教育,学習支援/教材,2179.T
2180,Sunny Side Up Group Inc.,広告,デジタルマーケティング,2180.T
2181,"Persol Holdings Co., Ltd.",人材派遣,人材/サービス,2181.T
2183,"Linical Co., Ltd.",医療,臨床試験/開発,2183.T
2185,CMC Corporation,ITサービス,システム開発/運用,2185.T
2186,Sobal Corporation,ITサービス,ソフトウェア/システム開発,2186.T
2193,Cookpad Inc.,ネットサービス,プラットフォーム/広告,2193.T
2195,"Amita Holdings Co., Ltd.",itサービス,ソフト/クラウド,2195.T
2196,Escrit Inc.,itサービス,ソフト/クラウド,2196.T
2198,I K K Holdings Inc.,人材派遣,人材/サービス,2198.T
2201,"Morinaga & Co., Ltd.",食品,加工/飲料,2201.T
2204,"Nakamuraya Co., Ltd.",食品,和菓子/製造,2204.T
2206,"Ezaki Glico Co., Ltd.",食品,菓子/スナック,2206.T
2207,"Meito Sangyo Co., Ltd.",itサービス,ソフト/クラウド,2207.T
2208,Bourbon Corporation,食品,菓子/スナック,2208.T
2209,"Imuraya Group Co., Ltd.",食品,和菓子/製造,2209.T
2211,"Fujiya Co., Ltd.",食品,洋菓子/製造,2211.T
2212,"Yamazaki Baking Co., Ltd.",食品,加工/飲料,2212.T
2215,"First Baking Co., Ltd.",食品,パン製造/販売,2215.T
2216,Kanro Inc.,食品,キャンディ/スナック,2216.T
2217,Morozoff Ltd.,食品,洋菓子/製造,2217.T
2218,"Nichiryo Baking Co., Ltd.",-,-,2218.T
2220,"Kameda Seika Co., Ltd.",-,-,2220.T
2221,"Iwatsuka Confectionery Co., Ltd.",-,-,2221.T
2222,"Kotobuki Spirits Co., Ltd.",itサービス,ソフト/クラウド,2222.T
2224,Como Co. Ltd.,-,-,2224.T
2226,Koike-Ya Inc.,-,-,2226.T
2229,Calbee Inc.,食品,加工/飲料,2229.T
2236,Goldman Sachs S&P 500 Dividend Aristocrats ETF,鉱業,資源/鉱山,2236.T
2244,Global X U.S. Tech Top 20 ETF,-,-,2244.T
2264,"Morinaga Milk Industry Co., Ltd.",食品,加工/飲料,2264.T
2266,"Rokko Butter Co., Ltd.",-,-,2266.T
2267,"Yakult Honsha Co., Ltd.",食品/飲料,食品/飲料,2267.T
2268,B-R 31 Ice Cream Co. Ltd.,-,-,2268.T
2269,"Meiji Holdings Co., Ltd.",食品,加工/飲料,2269.T
2270,"Megmilk Snow Brand Co., Ltd.",-,-,2270.T
2281,Prima Meat Packers Ltd.,-,-,2281.T
2282,Nh Foods Ltd.,食品,加工/飲料,2282.T
2286,"Hayashikane Sangyo Co., Ltd.",-,-,2286.T
2288,"Marudai Food Co., Ltd.",食品,加工/飲料,2288.T
2291,Fukutome Meat Packers Ltd.,-,-,2291.T
2292,S Foods Inc.,食品,加工/飲料,2292.T
2293,"Takizawa Ham Co., Ltd.",-,-,2293.T
2294,"Kakiyasu Honten Co., Ltd.",-,-,2294.T
2296,Itoham Yonekyu Holdings Inc.,itサービス,ソフト/クラウド,2296.T
2300,"Kyokuto Co., Ltd.",-,-,2300.T
2301,"Gakujo Co., Ltd.",-,-,2301.T
2303,Dawn Corporation,-,-,2303.T
2304,Css Holdings Ltd.,-,-,2304.T
2305,"Studio Alice Co., Ltd.",-,-,2305.T
2307,"Cross Cat Co., Ltd.",-,-,2307.T
2311,"Epco Co., Ltd.",-,-,2311.T
2315,Caica Digital Inc.,itサービス,ソフト/クラウド,2315.T
2317,Systena Corporation,-,-,2317.T
2321,"Softfront Holdings Co., Ltd.",-,-,2321.T
2323,FonFun Corporation,-,-,2323.T
2325,"NJS Co., Ltd.",-,-,2325.T
2326,Digital Arts Inc.,itサービス,ソフト/クラウド,2326.T
2327,NS Solutions Corporation,IT/インターネット,IT/ソフトウェア,2327.T
2329,Tohokushinsha Film Corporation,商社,総合商社,2329.T
2330,"Forside Co., Ltd.",-,-,2330.T
2331,"Sohgo Security Services Co., Ltd.",itサービス,ソフト/クラウド,2331.T
2332,"Quest Co., Ltd.",-,-,2332.T
2334,Federal National Mortgage Association (FNCL) Floating Rate Note 1995 Series,-,-,2334.T
2335,Cube System Inc.,itサービス,ソフト/クラウド,2335.T
2337,Ichigo Inc.,-,-,2337.T
2338,"Quantum Solutions Co., Ltd.",IT/インターネット,IT/ソフトウェア,2338.T
2340,"Gokurakuyu Holdings Co., Ltd.",-,-,2340.T
2341,Arbeit-Times Co. Ltd.,itサービス,ソフト/クラウド,2341.T
2342,Transgenic Group Inc.,素材/ガラス/セラミック,ガラス/セラミック,2342.T
2344,"Heian Ceremony Service Co., Ltd.",-,-,2344.T
2345,Kushim Inc.,-,-,2345.T
2349,"Nippon Information Development Co., Ltd.",不動産,不動産/デベロッパー,2349.T
2351,ASJ Inc.,-,-,2351.T
2353,"Nippon Parking Development Co., Ltd.",不動産,不動産/デベロッパー,2353.T
2354,Ye Digital Corp.,itサービス,ソフト/クラウド,2354.T
2359,Core Corp,-,-,2359.T
2370,"Medinet Co., Ltd.",-,-,2370.T
2371,Kakaku.com Inc.,-,-,2371.T
2373,Care Twentyone Corp.,-,-,2373.T
2374,Saint-Care Holding Corp.,-,-,2374.T
2375,Gig Works Inc.,-,-,2375.T
2376,Scinex Corp,-,-,2376.T
2378,Renaissance Inc.,-,-,2378.T
2379,Dip Corporation,-,-,2379.T
2384,"SBS Holdings, Inc.",-,-,2384.T
2385,Soiken Holdings Inc.,-,-,2385.T
2388,"Wedge Holdings Co., Ltd.",-,-,2388.T
2389,Digital Holdings Inc.,itサービス,ソフト/クラウド,2389.T
2391,Planet Inc.,-,-,2391.T
2393,"Nippon Care Supply Co., Ltd.",-,-,2393.T
2395,Shin Nippon Biomedical Laboratories Ltd.,化学,素材/化学,2395.T
2404,Tetsujin Holdings Inc.,-,-,2404.T
2408,"Kg Intelligence Co., Ltd.",-,-,2408.T
2410,Career Design Center Co. Ltd.,-,-,2410.T
2411,Gendai Agency Inc.,-,-,2411.T
2413,M3 Inc.,-,-,2413.T
2415,"Human Holdings Co., Ltd.",-,-,2415.T
2418,Tsukada Global Holdings Inc.,ネットサービス,プラットフォーム/広告,2418.T
2424,Brass Corp.,-,-,2424.T
2425,Care Service Co. Ltd.,-,-,2425.T
2428,Wellnet Corporation,-,-,2428.T
2429,"World Holdings Co., Ltd.",-,-,2429.T
2432,"Dena Co., Ltd.",インターネット,プラットフォーム/広告,2432.T
2433,Hakuhodo DY Holdings Inc.,-,-,2433.T
2435,Cedar Company Ltd.,-,-,2435.T
2436,"Kyodo Public Relations Co., Ltd.",-,-,2436.T
2437,"Shinwa Wise Holdings Co., Ltd.",-,-,2437.T
2438,"Asukanet Co., Ltd.",-,-,2438.T
2440,Gurunavi Inc.,-,-,2440.T
2445,"Takamiya Co., Ltd.",-,-,2445.T
2449,Prap Japan Inc.,-,-,2449.T
2454,All About Inc.,-,-,2454.T
2459,Aun Consulting Inc.,-,-,2459.T
2461,Fan Communications Inc.,通信,通信サービス,2461.T
2462,Like Inc.,-,-,2462.T
2464,Aoba-BBT Inc.,-,-,2464.T
2469,Hibino Corporation,-,-,2469.T
2471,S-Pool Inc.,-,-,2471.T
2475,"WDB Holdings Co., Ltd.",-,-,2475.T
2477,Temairazu Inc.,-,-,2477.T
2479,Jtec Corporation,-,-,2479.T
2480,"System Location Co., Ltd.",itサービス,ソフト/クラウド,2480.T
2481,"Townnews-Sha Co., Ltd.",-,-,2481.T
2483,Honyaku Center Inc.,-,-,2483.T
2484,"Demae-Can Co., Ltd.",-,-,2484.T
2485,Tear Corporation,-,-,2485.T
2488,JTP Co. Ltd.,-,-,2488.T
2489,Adways Inc.,ネットサービス,プラットフォーム/広告,2489.T
2491,"ValueCommerce Co., Ltd.",-,-,2491.T
2492,Infomart Corporation,小売,小売/量販,2492.T
2493,E-Supportlink Ltd.,インフラ,港湾/物流,2493.T
2497,United Inc.,itサービス,ソフト/クラウド,2497.T
2498,"Oriental Consultants Holdings Co., Ltd.",-,-,2498.T
2499,Nihonwasou Holdings Inc.,-,-,2499.T
2501,Sapporo Holdings Ltd.,食品,加工/飲料,2501.T
2502,"Asahi Group Holdings, Ltd.",食品,加工/飲料,2502.T
2503,"Kirin Holdings Co., Ltd.",食品,加工/飲料,2503.T
2531,Takara Holdings Inc.,-,-,2531.T
2533,Oenon Holdings Inc.,-,-,2533.T
2540,"Yomeishu Seizo Co., Ltd.",-,-,2540.T
2573,Hokkaido Coca-Cola Bottling Co. Ltd.,-,-,2573.T
2579,Coca-Cola Bottlers Japan Holdings Inc.,-,-,2579.T
2585,Lifedrink Co Inc.,保険,損保/生保,2585.T
2586,Fruta Fruta Inc.,-,-,2586.T
2587,Suntory Beverage & Food Ltd.,食品,加工/飲料,2587.T
2588,Premium Water Holdings Inc.,水道,水道/公共,2588.T
2590,Dydo Group Holdings Inc.,-,-,2590.T
2593,"Ito En, Ltd.",itサービス,ソフト/クラウド,2593.T
2594,Key Coffee Inc.,-,-,2594.T
2597,Unicafe Inc.,-,-,2597.T
2602,Nisshin OilliO Group Ltd.,エネルギー,原油/ガス/電力,2602.T
2607,Fuji Oil Holdings Inc.,エネルギー,原油/ガス/電力,2607.T
2612,Kadoya Sesame Mills Inc.,ネットサービス,プラットフォーム/広告,2612.T
2613,J-Oil Mills Inc.,エネルギー,原油/ガス/電力,2613.T
2652,Mandarake Inc.,-,-,2652.T
2653,"Aeon Kyushu Co., Ltd.",小売,消費/専門店,2653.T
2654,Asmo Corp.,-,-,2654.T
2656,Vector Holding Inc,-,-,2656.T
2659,"San-A Co., Ltd.",-,-,2659.T
2664,Cawachi Ltd.,-,-,2664.T
2666,"Autowave Co., Ltd.",-,-,2666.T
2667,"Imageone Co., Ltd.",-,-,2667.T
2668,Tabio Corporation,医薬,医薬/バイオ,2668.T
2669,"Kanemi Co., Ltd.",-,-,2669.T
2670,ABC-Mart Inc.,小売,小売/量販,2670.T
2673,"Yumemitsuketai Co., Ltd.",itサービス,ソフト/クラウド,2673.T
2674,"Hard Off Corporation Co., Ltd.",-,-,2674.T
2676,"Takachiho Koheki Co., Ltd.",-,-,2676.T
2678,Askul Corporation,-,-,2678.T
2681,Geo Holdings Corp.,-,-,2681.T
2683,"Uoki Co., Ltd.",-,-,2683.T
2685,"Adastria Co., Ltd.",ネットサービス,プラットフォーム/広告,2685.T
2686,"Gfoot Co., Ltd.",-,-,2686.T
2687,Cvs Bay Area Inc.,-,-,2687.T
2689,Olba Healthcare Holdings Inc.,-,-,2689.T
2692,"Itochu-Shokuhin Co., Ltd.",商社,総合商社,2692.T
2693,YKT Corporation,-,-,2693.T
2694,Yakiniku Sakai Holdings Inc.,-,-,2694.T
2695,Kura Sushi Inc.,-,-,2695.T
2698,"Can Do Co., Ltd.",-,-,2698.T
2700,"Kitoku Shinryo Co., Ltd.",itサービス,ソフト/クラウド,2700.T
2702,"McDonald's Holdings Co., Ltd.",-,-,2702.T
2705,"Ootoya Holdings Co., Ltd.",-,-,2705.T
2708,"Kuze Co., Ltd.",-,-,2708.T
2721,J-holdings Corp.,-,-,2721.T
2722,"Ik Holdings Co., Ltd.",-,-,2722.T
2726,"Pal Group Holdings Co., Ltd.",-,-,2726.T
2730,Edion Corporation,-,-,2730.T
2733,Arata Corporation,-,-,2733.T
2734,Sala Corporation,-,-,2734.T
2735,Watts Co. Ltd.,-,-,2735.T
2736,"Festaria Holdings Co., Ltd.",-,-,2736.T
2737,Tomen Devices Corp.,電機,エレクトロニクス部品,2737.T
2742,Halows Co. Ltd.,-,-,2742.T
2743,Pixel Companyz Inc.,-,-,2743.T
2747,"Hokuyu Lucky Co., Ltd.",-,-,2747.T
2749,JP-Holdings Inc.,-,-,2749.T
2750,S. Ishimitsu & Co. Ltd.,itサービス,ソフト/クラウド,2750.T
2751,"Tenpos Holdings Co., Ltd.",-,-,2751.T
2752,Fujio Food Group Inc.,食品,加工/飲料,2752.T
2753,"Amiyaki Tei Co., Ltd.",-,-,2753.T
2760,Tokyo Electron Device Ltd.,半導体関連,装置/検査/材料,2760.T
2762,"Sanko Marketing Foods Co., Ltd.",食品,加工/飲料,2762.T
2763,"Ftgroup Co., Ltd.",-,-,2763.T
2764,Hiramatsu Inc.,-,-,2764.T
2767,Tsuburaya Fields Holdings Inc.,-,-,2767.T
2768,Sojitz Corporation,商社,総合商社,2768.T
2769,"Village Vanguard Co., Ltd.",-,-,2769.T
2776,Shinto Holdings Inc.,-,-,2776.T
2778,Palemo Holdings Co. Ltd.,-,-,2778.T
2780,"Komehyo Holdings Co., Ltd.",-,-,2780.T
2782,Seria Co. Ltd.,-,-,2782.T
2784,Alfresa Holdings Corporation,-,-,2784.T
2788,Apple International Co. Ltd.,-,-,2788.T
2789,"Karula Co., Ltd.",-,-,2789.T
2790,"Nafco Co., Ltd.",-,-,2790.T
2791,"Daikokutenbussan Co., Ltd.",-,-,2791.T
2792,"Honeys Holdings Co., Ltd.",-,-,2792.T
2795,Nippon Primex Inc.,-,-,2795.T
2796,Pharmarise Holdings Corp.,医薬,製薬/創薬,2796.T
2798,Y's Table Corporation,-,-,2798.T
2801,Kikkoman Corporation,食品,加工/飲料,2801.T
2802,"Ajinomoto Co., Inc.",食品/飲料,食品/飲料,2802.T
2804,"Bull-Dog Sauce Co., Ltd.",-,-,2804.T
2805,S & B Foods Inc.,食品,加工/飲料,2805.T
2806,Yutaka Foods Corporation,食品,加工/飲料,2806.T
2809,Kewpie Corporation,食品/飲料,食品/飲料,2809.T
2810,House Foods Group Inc.,食品,加工/飲料,2810.T
2811,"Kagome Co., Ltd.",-,-,2811.T
2813,"Wakou Shokuhin Co., Ltd.",-,-,2813.T
2814,"Sato Foods Industries Co., Ltd.",食品,加工/飲料,2814.T
2815,"Ariake Japan Co., Ltd.",-,-,2815.T
2816,"Daisho Co., Ltd.",-,-,2816.T
2818,Pietro Co. Ltd.,-,-,2818.T
2819,Ebara Foods Industry Inc.,食品,加工/飲料,2819.T
2820,Yamami Co.,-,-,2820.T
2830,Aohata Corporation,-,-,2830.T
2831,Hagoromo Foods Corporation,食品,加工/飲料,2831.T
2871,Nichirei Corporation,-,-,2871.T
2872,"Seihyo Co., Ltd.",-,-,2872.T
2874,"Yokorei Co., Ltd.",-,-,2874.T
2875,Toyo Suisan Kaisha Ltd.,-,-,2875.T
2876,Delsole Corp.,-,-,2876.T
2877,Nittobest Corp.,itサービス,ソフト/クラウド,2877.T
2882,"EAT&Holdings Co., Ltd.",-,-,2882.T
2883,Dairei Co. Ltd.,-,-,2883.T
2884,Yoshimura Food Holdings K.K.,食品,加工/飲料,2884.T
2892,"Nihon Shokuhin Kako Co., Ltd.",-,-,2892.T
2894,"Ishii Food Co., Ltd.",食品,加工/飲料,2894.T
2897,"Nissin Foods Holdings Co., Ltd.",食品,加工/飲料,2897.T
2901,Weil-Dish Inc.,-,-,2901.T
2903,"Shinobu Foods Products Co., Ltd.",自動車,完成車/関連,2903.T
2904,"Ichimasa Kamaboko Co., Ltd.",-,-,2904.T
2907,"Ahjikan Co., Ltd.",-,-,2907.T
2908,"Fujicco Co., Ltd.",-,-,2908.T
2910,"Rock Field Co., Ltd.",-,-,2910.T
2911,Asahimatsu Foods Co. Ltd.,食品,加工/飲料,2911.T
2914,Japan Tobacco Inc.,-,-,2914.T
2915,"Kenko Mayonnaise Co., Ltd.",-,-,2915.T
2916,"Semba Tohka Industries Co., Ltd.",-,-,2916.T
2917,"Ohmoriya Co., Ltd.",-,-,2917.T
2918,"Warabeya Nichiyo Holdings Co., Ltd.",-,-,2918.T
2919,MARUTAI CO LTD,-,-,2919.T
2922,"Natori Co., Ltd.",-,-,2922.T
2923,"Sato Foods Co., Ltd.",食品,加工/飲料,2923.T
2924,"Ifuji Sangyo Co., Ltd.",-,-,2924.T
2925,Pickles Corporation,-,-,2925.T
2926,Shinozakiya Inc.,自動車,完成車/関連,2926.T
2927,"Afc-HD AMS Life Science Co., Ltd.",保険,損保/生保,2927.T
2928,Rizap Group Inc.,-,-,2928.T
2929,"Pharma Foods International Co., Ltd.",医薬,製薬/創薬,2929.T
2930,Kitanotatsujin Corp.,itサービス,ソフト/クラウド,2930.T
2931,"Euglena Co., Ltd.",-,-,2931.T
2932,STI Foods Holdings Inc.,食品,加工/飲料,2932.T
2933,Kibun Foods Inc.,食品,加工/飲料,2933.T
2934,"J Frontier Co., Ltd.",-,-,2934.T
2935,"Pickles Holdings Co., Ltd.",-,-,2935.T
2936,Base Food Inc.,食品,加工/飲料,2936.T
2937,"St Cousair Co., Ltd.",-,-,2937.T
2938,"Okamura Foods Co., Ltd.",食品,加工/飲料,2938.T
2961,Nitcho Corp.,itサービス,ソフト/クラウド,2961.T
2962,Tecnisco Ltd.,-,-,2962.T
2970,"Good Life Co., Inc.",保険,損保/生保,2970.T
2971,Escon Japan REIT Investment Corporation,不動産,デベロッパー/reit,2971.T
2972,Sankei Real Estate Inc.,不動産,デベロッパー/reit,2972.T
2974,DAIEISANGYO CO LTD,-,-,2974.T
2975,"Star Mica Holdings Co., Ltd.",-,-,2975.T
2976,"Nippon Grande Co., Ltd.",-,-,2976.T
2978,Tsukuruba Inc.,-,-,2978.T
2979,Sosila Logistics REIT Inc.,不動産,デベロッパー/reit,2979.T
2980,SRE Holdings Corp.,-,-,2980.T
2981,Landix Inc.,-,-,2981.T
2982,"Ad Works Group Co., Ltd.",ネットサービス,プラットフォーム/広告,2982.T
2983,Arr Planner Co. Ltd.,-,-,2983.T
2984,"Yamaichi Uniheim Real Estate Co., Ltd.",不動産,デベロッパー/reit,2984.T
2986,LA Holdings Co. Ltd.,-,-,2986.T
2989,Tokaido Reit Inc.,不動産,デベロッパー/reit,2989.T
2990,"Aida Sekkei Co., Ltd.",-,-,2990.T
2991,Landnet Inc.,-,-,2991.T
2993,Choei Inc.,-,-,2993.T
2995,J-Rex Corporation,-,-,2995.T
2997,"Storage Oh Co., Ltd.",-,-,2997.T
2998,Creal Inc.,-,-,2998.T
2999,"Home Position Co., Ltd.",itサービス,ソフト/クラウド,2999.T
3001,"Katakura Industries Co., Ltd.",-,-,3001.T
3002,Gunze Limited,itサービス,ソフト/クラウド,3002.T
3003,"Hulic Co., Ltd.",-,-,3003.T
3004,Shinyei Kaisha,-,-,3004.T
3010,"Polaris Holdings Co., Ltd.",-,-,3010.T
3011,Banners Co. Ltd.,-,-,3011.T
3020,Applied Company Ltd.,-,-,3020.T
3021,"Pacific Net Co., Ltd.",-,-,3021.T
3023,Rasa Corporation,-,-,3023.T
3024,Create Corp,-,-,3024.T
3028,Alpen Co. Ltd.,-,-,3028.T
3030,Hub Co. Ltd.,-,-,3030.T
3031,Raccoon Holdings Inc.,-,-,3031.T
3034,"Qol Holdings Co., Ltd.",-,-,3034.T
3035,KTK Inc.,-,-,3035.T
3036,Alconix Corporation,-,-,3036.T
3038,"Kobe Bussan Co., Ltd.",-,-,3038.T
3040,Soliton Systems K.K.,itサービス,ソフト/クラウド,3040.T
3041,"Beauty Kadan Holdings Co., Ltd.",ネットサービス,プラットフォーム/広告,3041.T
3042,Secuavail Inc.,-,-,3042.T
3045,Kawasaki & Co. Ltd.,-,-,3045.T
3046,Jins Holdings Inc.,-,-,3046.T
3047,TRUCK-ONE CO,-,-,3047.T
3048,Bic Camera Inc.,小売,小売/量販,3048.T
3050,"Dcm Holdings Co., Ltd.",-,-,3050.T
3053,"Pepper Food Service Co., Ltd.",食品,加工/飲料,3053.T
3054,Hyper Inc.,-,-,3054.T
3055,"Hokuyaku Takeyama Holdings Co., Ltd.",-,-,3055.T
3058,Sanyodo Holdings Inc.,-,-,3058.T
3059,Hiraki Co. Ltd.,-,-,3059.T
3063,"J-Group Holdings, Inc.",-,-,3063.T
3064,"Monotaro Co., Ltd.",-,-,3064.T
3065,Life Foods Co. Ltd.,食品,加工/飲料,3065.T
3067,"Tokyo Ichiban Foods Co., Ltd.",食品,加工/飲料,3067.T
3068,WDI Corporation,-,-,3068.T
3069,JFLA Holdings Inc.,-,-,3069.T
3070,"Jelly Beans Group Co., Ltd.",-,-,3070.T
3071,Stream Co. Ltd.,-,-,3071.T
3073,"DD Group Co., Ltd.",-,-,3073.T
3075,"Choushimaru Co., Ltd.",-,-,3075.T
3076,Ai Holdings Corporation,-,-,3076.T
3077,"Horiifoodservice Co., Ltd.",食品,加工/飲料,3077.T
3079,DVX Inc.,-,-,3079.T
3080,Jason Co. Ltd.,-,-,3080.T
3082,"Kichiri Holdings & Co., Ltd.",-,-,3082.T
3083,"Star Seeds Co., Ltd.",-,-,3083.T
3086,"J. Front Retailing Co., Ltd.",小売,消費/専門店,3086.T
3087,"Doutor Nichires Holdings Co., Ltd.",-,-,3087.T
3088,Matsukiyococokara & Co.,-,-,3088.T
3089,"Techno Alpha Co., Ltd.",-,-,3089.T
3091,Bronco Billy Co. Ltd.,-,-,3091.T
3092,"Zozo, Inc.",小売,消費/専門店,3092.T
3093,"Treasure Factory Co., Ltd.",機械/産業,産業機械/装置,3093.T
3094,"Super Value Co., Ltd.",-,-,3094.T
3096,Ocean System Corp,itサービス,ソフト/クラウド,3096.T
3097,Monogatari Corp.,-,-,3097.T
3099,Isetan Mitsukoshi Holdings Ltd.,itサービス,ソフト/クラウド,3099.T
3101,"Toyobo Co., Ltd.",-,-,3101.T
3103,Unitika Ltd.,itサービス,ソフト/クラウド,3103.T
3104,Fujibo Holdings Inc.,-,-,3104.T
3105,Nisshinbo Holdings Inc.,-,-,3105.T
3106,Kurabo Industries Ltd.,-,-,3106.T
3107,"Daiwabo Holdings Co., Ltd.",-,-,3107.T
3109,Shikibo Ltd.,-,-,3109.T
3110,"Nitto Boseki Co., Ltd.",itサービス,ソフト/クラウド,3110.T
3111,"Omikenshi Co., Ltd.",-,-,3111.T
3113,Univa Oak Holdings Ltd.,-,-,3113.T
3116,Toyota Boshoku Corporation,自動車,完成車/関連,3116.T
3121,"MBK Co., Ltd.",-,-,3121.T
3123,Saibo Co. Ltd.,-,-,3123.T
3131,Shinden Hightex Corporation,-,-,3131.T
3132,Macnica Holdings Inc.,-,-,3132.T
3133,"Kaihan Co., Ltd.",-,-,3133.T
3134,Hamee Corp.,-,-,3134.T
3135,"MarketEnterprise Co., Ltd.",-,-,3135.T
3136,"Econos Co., Ltd.",-,-,3136.T
3137,"Fundely Co., Ltd.",-,-,3137.T
3138,Fujisan Magazine Service Co. Ltd.,-,-,3138.T
3139,"Lacto Japan Co., Ltd.",-,-,3139.T
3140,Bruno Inc.,-,-,3140.T
3141,"Welcia Holdings Co., Ltd.",-,-,3141.T
3143,O'Will Corporation,-,-,3143.T
